dataset,level,avg_speed_distance_abs_pct_error_mean,median_speed_distance_abs_pct_error_mean,q25_speed_distance_abs_pct_error_mean,q58_speed_distance_abs_pct_error_mean,q60_speed_distance_abs_pct_error_mean,q625_speed_distance_abs_pct_error_mean,q75_speed_distance_abs_pct_error_mean,avg_speed_emission_abs_pct_error_mean,median_speed_emission_abs_pct_error_mean,q25_speed_emission_abs_pct_error_mean,q58_speed_emission_abs_pct_error_mean,q60_speed_emission_abs_pct_error_mean,q625_speed_emission_abs_pct_error_mean,q75_speed_emission_abs_pct_error_mean
kodak_2026_02_04,segment,36.71505303899629,37.60109229393476,76.10771535983314,36.0317924072383,36.502613181990725,37.55171783509847,47.94149136586218,36.71505303899629,37.60109229393476,76.10771535983312,36.0317924072383,36.50261318199072,37.55171783509847,47.94149136586218
kodak_2026_02_04,trip,25.31012368972777,26.656279243255458,78.95289153732628,16.708248344981037,15.395508358594139,14.567856039490092,22.505252460980202,25.310123689727767,26.656279243255458,78.95289153732628,16.708248344981037,15.395508358594139,14.567856039490092,22.505252460980202
kodak_2026_05_04,segment,37.03045550042636,37.496418752927994,75.59190334695865,36.076846850627334,36.5701793192977,37.68602347469339,48.794225187928994,37.03045550042636,37.496418752927994,75.59190334695865,36.076846850627334,36.5701793192977,37.68602347469339,48.794225187928994
kodak_2026_05_04,trip,24.95321171249053,26.876051658843792,78.32933469271013,16.70676727121071,15.314780369309863,14.369578892717664,23.068285150747204,24.953211712490532,26.876051658843792,78.32933469271013,16.706767271210712,15.314780369309862,14.369578892717666,23.068285150747204
kodak_2025_08_04,segment,37.159015556315026,37.52852995816454,73.1387536600211,36.81314346793136,37.35037258026155,38.36395355503406,48.07897466202727,37.159015556315026,37.52852995816454,73.13875366002108,36.81314346793136,37.35037258026155,38.36395355503406,48.07897466202727
kodak_2025_08_04,trip,25.765668315006085,26.757088579412418,76.79982526722989,17.789312041798933,16.64801123206426,15.859838530174827,22.72752899301153,25.765668315006085,26.757088579412418,76.79982526722989,17.789312041798933,16.64801123206426,15.859838530174827,22.72752899301153
kodak_2025_11_04,segment,37.49737952925494,38.62665170867262,74.79584626021625,37.44331060538227,37.96275392798578,38.97305014329632,49.54680462576323,37.49737952925495,38.62665170867262,74.79584626021625,37.44331060538227,37.96275392798578,38.97305014329632,49.54680462576323
kodak_2025_11_04,trip,25.368947283436537,27.56460417087136,78.30665253599706,17.708970216151144,16.303752797208666,15.403808671952719,23.309209634910967,25.368947283436537,27.56460417087136,78.30665253599706,17.70897021615114,16.303752797208674,15.403808671952719,23.309209634910967
